input,expected_result
2,"0.69314718056"
224,"5.41164605186"
3000,"8.00636756765"
388949,"12.8712035086"